id,prediction
1,A C D
2,B E C
3,B C E
4,E D C
5,C A B
6,D A B
7,E B C
8,B E C
9,C B A
10,B C E
11,A C D
12,D A B
13,C A B
14,C B A
15,E D B
16,A C D
17,E B C
18,B E C
19,A E C
20,D A E
21,B C E
22,D A E
23,D A B
24,E B C
25,D A E
26,E C D
27,E B C
28,C A B
29,B C E
30,A C D
31,E D C
32,C A B
33,D A B
34,C A B
35,A C D
36,C A B
37,C A B
38,C A B
39,B C E
40,C B A
41,A C D
42,E C B
43,B C E
44,A B C
45,D A E
46,B E C
47,D A E
48,A C D
49,B E C
50,C A B
51,D E A
52,A C D
53,C B A
54,C A B
55,B C E
56,B C E
57,B E A
58,A C D
59,A C D
60,C A B
61,C B A
62,A C D
63,A C D
64,C B A
65,E B C
66,E C D
67,C A B
68,B C D
69,E B D
70,C A B
71,C A B
72,D A B
73,A C B
74,D A E
75,C B A
76,A C D
77,C A B
78,D A E
79,D A B
80,C B A
81,B C E
82,B E C
83,D A E
84,B E C
85,E B C
86,B E C
87,B E C
88,E C B
89,E B C
90,C B A
91,B C E
92,B C E
93,C B A
94,D A B
95,E B C
96,B E C
97,D A E
98,B E C
99,C A B
100,B C E
101,E C B
102,D A E
103,E B D
104,C A B
105,E B C
106,C B A
107,A C D
108,D A E
109,E B C
110,E C B
111,D A B
112,D A E
113,E C B
114,E B C
115,B E C
116,A B C
117,C A B
118,A C D
119,C A B
120,B E C
121,C B A
122,D A B
123,C A B
124,A C D
125,D A B
126,D A E
127,C A B
128,B E C
129,B C E
130,D A B
131,E B C
132,B C E
133,D A E
134,D A E
135,C A B
136,C A B
137,B C E
138,E B C
139,E C B
140,B E C
141,C B A
142,C B A
143,D A B
144,E C D
145,D A B
146,B C E
147,C A B
148,A C B
149,B E C
150,E C D
151,B E C
152,B E C
153,A C D
154,E C D
155,D A B
156,D A E
157,C A B
158,D A B
159,C A B
160,B E C
161,C A B
162,D A B
163,E D B
164,C A B
165,A C D
166,E D B
167,A C D
168,D A B
169,B E C
170,A C D
171,A D C
172,C A B
173,C B A
174,D A E
175,D A B
176,E B C
177,C A B
178,A C D
179,C B A
180,A C D
181,E C B
182,C B A
183,B E C
184,B C E
185,C A B
186,E D B
187,D A B
188,E D B
189,C A B
190,E B C
191,D A B
192,C A B
193,C A B
194,E D B
195,D A E
196,B C E
197,C E B
198,B E C
199,A C D
200,C A B
201,E C D
202,A C D
203,B E C
204,D A E
205,B C E
206,C A B
207,A C D
208,D A E
209,B E C
210,A C D
211,B C E
212,A C D
213,C B A
214,C A B
215,C B A
216,C A B
217,B C E
218,C A B
219,A C D
220,D A E
221,B C E
222,D A B
223,E B C
224,B C E
225,A C D
226,C A B
227,D A E
228,C A B
229,B E C
230,A C B
231,D A E
232,D A E
233,C B A
234,A C D
235,A C D
236,B E C
237,A C B
238,A C D
239,B C A
240,D A B
241,E C B
242,A C D
243,D A E
244,E C B
245,A C D
246,B C E
247,A C D
248,E D B
249,E C A
250,D A E
251,A C B
252,B C E
253,C A B
254,D A E
255,A C D
256,C A B
257,B E C
258,C B A
259,C B A
260,D A E
261,E D C
262,A C D
263,B E C
264,C B A
265,A C D
266,A C D
267,D A B
268,D A B
269,B E C
270,B E C
271,C A B
272,C A B
273,D A B
274,A C B
275,E C B
276,B E C
277,E D B
278,D A B
279,B C D
280,D A B
281,D E A
282,B E C
283,A D C
284,B C E
285,E D A
286,A C D
287,B C E
288,E B C
289,E C B
290,B C E
291,B C E
292,C A B
293,D A E
294,D A E
295,A C D
296,C A B
297,D A B
298,D E A
299,C A B
300,E C B
301,B E C
302,C A B
303,B E C
304,C A D
305,E C D
306,B E C
307,B C E
308,C A B
309,E D B
310,A C D
311,C A B
312,C B A
313,C A B
314,A C D
315,C A B
316,B C E
317,A E D
318,D A B
319,C B A
320,B E C
321,B C E
322,C A B
323,A C D
324,A C D
325,E B C
326,E D B
327,D A B
328,B E C
329,C A B
330,B E C
331,A D C
332,C A B
333,B E C
334,E B C
335,B C E
336,B C E
337,E B C
338,D A B
339,D A B
340,C A B
341,E B C
342,B E C
343,D A E
344,A C D
345,C B A
346,C A B
347,D A E
348,A C D
349,B E C
350,A C D
351,D A E
352,B E C
353,D A E
354,E C B
355,B C E
356,D A B
357,D A E
358,B C E
359,C B A
360,E C D
361,D A B
362,B C E
363,C A B
364,B C E
365,C A B
366,E B C
367,E B C
368,C B A
369,B E C
370,D A E
371,D A B
372,C A B
373,B C E
374,E D B
375,E B C
376,B C E
377,C B A
378,A E C
379,C B A
380,E B C
381,E C B
382,D A B
383,C A B
384,B C E
385,A C D
386,A C B
387,B C E
388,B E C
389,D A B
390,E C B
391,B E C
392,C A B
393,C A B
394,B E C
395,A C D
396,A C D
397,C A B
398,E B C
399,E B C
400,E C B
401,D A B
402,D A B
403,A C D
404,B C E
405,C A B
406,B C E
407,B C E
408,C B A
409,C A B
410,A D C
411,E C B
412,C A B
413,C A B
414,C B A
415,E B C
416,C B A
417,B C E
418,D A B
419,A C D
420,E B C
421,A C D
422,D A C
423,A D C
424,B E C
425,C B A
426,C A B
427,C B A
428,C A B
429,D A E
430,C A B
431,C B A
432,B C A
433,D A B
434,C B A
435,C A B
436,D A B
437,E B D
438,A C D
439,D A B
440,C A B
441,E C B
442,D A B
443,E D B
444,B E C
445,B E C
446,B C E
447,C B A
448,E C B
449,B E C
450,E B C
451,D A E
452,B E C
453,A D C
454,B E C
455,A C D
456,B C E
457,D A B
458,B C E
459,A C B
460,A C D
461,A E D
462,D A E
463,D A B
464,E B C
465,E C D
466,D A B
467,D A E
468,E B C
469,C A B
470,A C D
471,C B A
472,A C D
473,C A B
474,E C B
475,A C D
476,E B D
477,A C D
478,B E C
479,B C E
480,B C E
481,A C D
482,D A E
483,A C D
484,D A B
485,C A B
486,B C E
487,A C D
488,E C B
489,B C A
490,B C E
491,C B A
492,D A B
493,D A B
494,D A B
495,A C D
496,A C D
497,C B A
498,B C E
499,E B C
500,C A B
